{"cameraMode":{"drawMode":0,"name":"Shaded","section":"Shading Mode"},"sceneLighting":true,"audioPlay":false,"sceneViewState":{"showFog":true,"showMaterialUpdate":false,"showSkybox":true,"showFlares":true,"showImageEffects":true,"showParticleSystems":true},"in2DMode":false,"pivot":{"x":0.21618866920471192,"y":0.1961659938097,"z":-3.9687952995300295},"rotation":{"x":-0.04574618116021156,"y":0.6439374685287476,"z":0.03877132758498192,"w":0.7628069519996643},"size":1.4790419340133668,"orthographic":false}